X,Y,Z_ground_m,Z_sensor_m,Mag_anomaly_nT,FGrav_mgal
748151.81,6416320.50,380.31,58.98,-682.50,0.147
748034.16,6416308.50,380.62,57.47,-545.39,0.233
747994.06,6416313.00,380.57,57.32,-414.46,0.284
747709.00,6416310.00,380.26,58.93,792.16,0.519
747416.75,6416310.00,375.74,59.99,-63.72,0.359
747097.42,6416315.50,374.30,57.47,-716.11,-0.045
746505.27,6416295.50,374.04,61.49,-671.69,-0.063
746231.09,6416299.00,372.88,62.54,-254.37,-0.060
745630.58,6416298.50,369.59,57.64,-159.62,-0.022
745322.88,6416297.50,369.13,59.03,-74.90,-0.040
745021.54,6416287.00,369.01,54.15,-85.10,-0.051
748596.33,6415923.50,385.68,59.57,-625.02,-0.036
747415.52,6415923.50,377.23,58.71,-532.01,0.005
747100.93,6415913.00,375.17,58.72,-361.86,-0.048
746808.60,6415905.50,372.43,58.15,-273.19,-0.034
746493.28,6415911.50,372.30,57.59,-226.91,-0.058
745912.48,6415899.50,369.16,53.43,-141.22,-0.044
745620.00,6415894.50,370.11,56.29,-117.38,-0.056
748748.94,6416225.00,381.10,55.73,-721.72,0.029
748752.63,6416201.50,381.66,54.97,-740.01,0.007
748752.94,6416177.00,382.22,54.16,-757.71,-0.027
748763.69,6416135.00,381.88,52.83,-784.01,-0.016
748774.00,6416103.50,381.55,52.01,-790.86,-0.028
748770.81,6416067.50,381.55,53.54,-772.17,-0.039
748777.38,6416034.00,381.55,55.10,-739.89,-0.061
748787.81,6416019.00,381.55,55.88,-724.35,-0.067
748798.00,6415992.00,382.60,57.20,-698.16,-0.096
748802.25,6415971.00,383.64,58.14,-678.22,-0.085
748803.38,6415933.00,385.26,59.80,-642.76,-0.079
748791.06,6415903.00,384.63,60.99,-615.97,-0.062
748798.44,6415879.00,384.00,62.12,-595.46,-0.053
748801.88,6415830.00,385.44,62.22,-562.14,-0.042
748796.00,6415805.50,386.89,61.47,-551.85,-0.022
748818.06,6415752.50,388.33,60.11,-526.13,-0.005
749258.94,6416048.00,388.64,55.00,-693.10,-0.012
749252.69,6416081.00,388.48,55.00,-693.10,-0.012
749251.44,6416113.00,388.32,55.00,-693.10,-0.044
749246.19,6416144.00,388.15,55.00,-693.10,-0.001
749246.31,6416180.00,387.16,55.00,-693.10,-0.025
749237.50,6416204.00,386.17,55.00,-693.10,-0.051
749234.88,6416232.00,385.18,55.00,-693.10,-0.063
749242.50,6416275.00,386.48,62.00,-651.08,-0.050
749241.13,6416309.00,388.03,62.00,-651.08,-0.039
749248.00,6416339.00,388.06,62.00,-651.08,-0.026
749244.75,6416399.50,388.11,62.00,-651.08,0.010
745575.26,6415320.00,369.26,54.80,-146.81,-0.064
745578.28,6415446.00,369.22,57.61,-130.50,-0.072
745577.91,6415565.00,369.17,61.10,-108.56,-0.085
745582.43,6415644.00,369.14,61.01,-105.86,-0.048
745584.81,6415728.50,369.34,59.00,-110.11,-0.045
749293.31,6416420.00,387.59,62.00,-651.08,-0.002
749256.38,6416419.00,386.99,62.00,-651.08,0.013
749209.88,6416400.00,386.39,62.00,-651.08,0.030
749181.25,6416388.00,385.80,62.00,-651.08,0.002
749144.81,6416375.50,385.20,62.00,-651.08,-0.011
749108.25,6416357.50,384.61,62.00,-651.08,-0.007
749081.44,6416341.50,384.50,61.42,-604.07,0.005
749024.81,6416307.50,384.29,61.38,-669.73,0.013
749006.50,6416298.00,384.19,60.98,-674.44,0.039
748943.94,6416291.00,383.75,59.41,-690.30,-0.001
748922.19,6416279.00,383.32,58.34,-702.37,-0.004
748885.31,6416270.00,382.89,56.99,-713.52,-0.009
748855.06,6416276.50,382.46,56.83,-713.24,0.022
748815.13,6416252.00,382.03,56.76,-718.96,0.052
748776.50,6416252.00,381.60,56.80,-708.74,0.029
748748.06,6416242.50,381.17,56.31,-708.76,0.029
748708.00,6416235.00,380.74,56.41,-698.37,0.041
748675.88,6416222.50,380.30,56.65,-700.79,0.007
748624.06,6416226.50,379.87,57.87,-679.89,0.023
748608.94,6416203.50,380.44,57.23,-698.01,0.043
748569.88,6416191.00,381.01,57.06,-704.71,0.011
748543.25,6416176.50,381.58,56.68,-718.56,0.008
748498.38,6416185.00,382.15,56.34,-712.59,0.024
748469.56,6416170.00,382.72,55.66,-733.48,0.029
748432.81,6416150.50,383.29,55.81,-758.29,0.010
748393.94,6416136.00,383.86,56.51,-773.01,0.029
748362.94,6416134.00,384.43,57.10,-774.34,-0.008
748332.31,6416121.50,385.00,57.65,-778.88,-0.058
748294.25,6416118.50,384.62,57.22,-774.82,-0.048
748258.13,6416124.50,384.25,55.40,-780.76,-0.033
748215.31,6416125.00,383.87,54.87,-795.43,-0.028
748185.13,6416121.00,383.50,54.42,-804.91,-0.050
748140.31,6416114.50,383.12,51.22,-821.95,0.023
749227.47,6417521.00,386.80,51.00,522.68,0.191
748648.04,6417515.00,382.11,55.49,443.64,0.293
747721.37,6417509.50,377.31,62.17,1057.93,0.694
747122.62,6417513.00,375.92,58.41,1784.11,0.838
746554.39,6417498.50,381.68,55.85,2078.85,0.564
746240.61,6417503.00,382.92,54.49,427.89,0.069
745646.34,6417496.00,380.02,60.65,-191.29,0.018
745620.63,6417088.50,375.61,60.60,-176.61,-0.037
746526.95,6417104.50,377.86,65.95,822.17,0.812
748911.52,6416723.50,382.45,60.43,-215.69,0.099
748619.35,6416718.00,380.00,61.16,51.59,0.428
748312.17,6416712.00,379.05,54.78,-44.11,0.430
748037.37,6416722.00,378.74,53.98,-311.66,0.191
747730.39,6416714.00,379.73,55.54,-696.09,0.078
747414.03,6416708.50,378.52,55.82,-800.81,0.034
747122.46,6416714.00,375.11,54.91,-1175.97,0.128
746803.34,6416705.00,375.64,55.77,-91.99,0.393
746220.03,6416696.00,379.73,54.94,-723.60,-0.044
748940.82,6417119.50,385.08,52.54,-7.98,0.184
748348.54,6417118.50,379.62,57.05,-110.09,0.217
748311.75,6417107.00,379.50,58.24,-132.97,0.208
748013.59,6417108.50,379.61,55.49,-446.84,0.255
747412.32,6417119.50,374.92,57.65,-747.13,0.492
749277.38,6416266.50,386.27,62.00,-651.08,-0.022
749172.81,6416273.50,385.56,62.00,-651.08,-0.012
749148.63,6416290.50,385.35,62.00,-651.08,-0.013
749112.50,6416285.50,385.13,62.00,-651.08,-0.036
748313.75,6417526.50,380.00,55.68,301.69,0.396
748326.44,6417490.00,379.78,56.07,237.38,0.387
748335.56,6417471.00,379.57,56.00,205.16,0.385
748371.81,6417444.50,379.35,55.76,181.13,0.350
748388.00,6417422.50,379.13,55.74,156.18,0.333
748392.19,6417378.00,379.26,55.73,109.82,0.278
748386.75,6417356.50,379.38,55.62,83.19,0.288
748402.75,6417320.00,379.50,55.90,66.27,0.272
748398.56,6417278.00,379.63,55.90,29.90,0.292
748411.38,6417260.00,379.70,56.06,30.82,0.274
748405.25,6417211.00,379.78,56.06,-14.56,0.228
748411.75,6417181.50,379.86,56.22,-30.48,0.210
748426.81,6417149.00,379.94,56.92,-42.10,0.217
748429.81,6417122.00,379.68,57.12,-47.36,0.224
748445.06,6417057.50,379.16,59.62,3.50,0.242
748441.50,6417038.50,378.90,60.21,22.92,0.256
748463.88,6416999.00,378.81,62.24,84.67,0.331
748469.63,6416975.00,378.71,63.19,115.69,0.329
748479.19,6416954.50,378.62,63.97,145.20,0.334
748491.06,6416905.50,378.52,66.24,208.17,0.426
748492.69,6416885.00,378.69,67.09,222.88,0.443
748504.31,6416861.00,378.85,67.15,219.74,0.420
748508.19,6416828.00,379.02,65.22,196.00,0.439
748518.00,6416788.50,379.44,62.98,147.33,0.448
748524.06,6416748.00,379.85,60.60,97.00,0.474
748540.75,6416732.00,379.55,59.93,80.96,0.472
748547.88,6416697.50,379.25,58.03,39.54,0.461
748546.00,6416661.50,378.95,55.81,-6.86,0.442
748551.69,6416638.50,378.50,54.59,-34.73,0.418
748571.31,6416607.00,378.05,53.51,-82.10,0.371
748573.19,6416546.00,379.43,56.11,-190.91,0.326
748580.50,6416508.50,380.12,57.93,-263.13,0.330
748601.50,6416472.00,380.13,59.81,-335.00,0.266
748607.50,6416443.50,380.14,60.85,-392.54,0.227
748621.88,6416400.50,380.15,62.40,-483.22,0.150
748646.44,6416370.00,380.02,62.43,-540.80,0.116
748658.00,6416342.00,379.89,61.18,-581.92,0.085
748665.88,6416277.50,379.12,58.79,-645.05,0.033
748637.13,6416278.50,379.56,59.47,-632.87,0.050
748605.88,6416269.00,380.00,59.56,-629.33,0.056
748576.63,6416272.50,379.86,59.84,-620.26,0.056
748545.50,6416276.50,379.72,59.64,-613.36,0.046
748528.31,6416267.50,379.58,58.76,-624.71,0.047
748502.00,6416296.50,379.63,57.90,-599.43,0.099
748479.00,6416298.50,379.69,57.18,-608.95,0.106
748458.31,6416325.50,379.74,57.14,-593.44,0.128
748433.25,6416315.50,381.10,57.02,-621.35,0.099
748381.56,6416311.00,382.25,56.31,-658.94,0.074
748349.13,6416326.00,382.04,54.79,-677.86,0.118
748322.44,6416328.50,382.04,54.61,-695.65,0.126
748299.06,6416338.50,382.04,55.23,-705.25,0.129
748272.63,6416351.50,381.84,56.04,-698.58,0.144
748258.00,6416377.50,381.64,56.16,-666.70,0.167
748222.25,6416407.50,381.44,56.38,-603.94,0.205
748198.56,6416429.00,381.24,56.44,-550.07,0.276
748190.56,6416394.50,379.80,58.04,-621.12,0.206
748188.50,6416364.00,379.95,59.21,-664.80,0.181
748210.88,6416339.50,380.10,58.05,-709.37,0.151
748180.56,6416331.00,380.19,58.67,-697.44,0.162
748125.56,6416331.50,380.17,59.13,-643.46,0.191
748083.63,6416357.50,380.04,59.61,-538.10,0.235
748054.75,6416362.00,379.91,59.41,-467.47,0.269
748017.75,6416384.00,380.23,58.45,-305.73,0.325
748017.38,6416409.50,380.54,57.71,-300.66,0.304
747990.44,6416426.50,380.36,57.56,-215.21,0.301
747978.69,6416457.00,380.18,57.12,-253.87,0.334
747959.94,6416492.00,380.00,56.44,-280.90,0.334
747921.69,6416484.50,379.51,55.88,-196.07,0.302
747883.44,6416491.00,379.03,56.64,-133.86,0.278
747846.13,6416500.50,378.54,56.60,-94.10,0.279
747840.63,6416472.00,378.50,57.54,90.27,0.301
747822.00,6416424.00,378.46,59.13,408.08,0.395
747801.00,6416432.00,377.98,58.83,494.30,0.412
747767.75,6416447.00,377.50,58.11,548.07,0.385
747738.94,6416470.00,377.01,56.83,446.23,0.310
747719.25,6416470.50,376.53,56.57,467.81,0.332
747678.00,6416480.00,377.09,56.03,365.16,0.321
747649.69,6416497.50,377.65,55.99,145.61,0.255
747620.56,6416485.50,377.33,56.62,108.30,0.295
747583.50,6416489.00,377.01,55.82,-40.74,0.304
747553.25,6416476.00,376.69,56.44,-34.53,0.307
747525.75,6416469.50,376.38,57.30,-45.49,0.302
747493.13,6416470.00,375.80,57.95,-95.44,0.271
747468.00,6416471.50,375.22,58.00,-133.86,0.220
747436.25,6416479.50,374.64,57.52,-206.56,0.225
747419.19,6416500.00,375.00,56.91,-318.64,0.154
747461.75,6416524.50,375.51,55.77,-403.05,0.158
747481.25,6416558.00,376.01,54.05,-556.18,0.114
747506.19,6416570.00,376.52,53.11,-623.93,0.092
747530.13,6416603.00,377.70,51.05,-740.48,0.058
747549.00,6416620.00,378.87,51.06,-746.90,0.078
747577.00,6416625.00,378.50,50.99,-741.81,0.102
747609.94,6416623.00,378.14,52.10,-734.79,0.116
747632.75,6416623.50,377.77,52.69,-732.49,0.116
747667.56,6416630.50,377.64,51.85,-737.48,0.099
747715.50,6416656.00,378.39,52.59,-729.04,0.026
747741.94,6416631.50,379.06,52.27,-693.06,0.092
747780.88,6416602.50,379.72,52.33,-605.36,0.130
747799.38,6416585.50,380.39,53.28,-530.42,0.142
747831.50,6416590.50,379.60,53.46,-559.60,0.141
747872.00,6416595.00,378.81,53.41,-548.58,0.174
747886.31,6416630.50,378.71,53.58,-569.94,0.130
747915.81,6416621.50,378.38,53.45,-526.44,0.183
747952.63,6416615.00,378.06,54.48,-468.30,0.140
747921.69,6416641.50,378.95,54.00,-526.50,0.153
747910.88,6416668.00,379.84,54.31,-531.73,0.116
747884.75,6416733.00,379.48,56.11,-539.66,0.084
747886.50,6416757.00,379.29,56.69,-526.60,0.075
747887.69,6416779.50,379.26,57.21,-514.87,0.071
747925.69,6416787.00,379.22,56.83,-459.60,0.101
747947.00,6416799.50,379.19,56.67,-425.55,0.118
747961.69,6416824.00,380.03,56.91,-397.22,0.135
747991.50,6416845.50,380.87,56.85,-354.63,0.129
747994.63,6416874.00,381.06,56.98,-358.22,0.123
747997.25,6416900.50,381.26,56.96,-365.72,0.117
747969.44,6416919.00,381.48,57.08,-412.70,0.120
747944.69,6416919.50,381.71,57.61,-445.83,0.118
747926.81,6416933.00,381.93,58.06,-480.80,0.112
747914.13,6416969.50,380.77,58.26,-526.50,0.113
747902.31,6417009.00,379.62,58.41,-575.15,0.189
747919.19,6417032.50,380.02,57.99,-569.20,0.236
747914.94,6417050.00,380.44,58.01,-589.05,0.270
747904.94,6417080.50,380.10,58.11,-628.46,0.309
747900.31,6417108.50,379.75,58.10,-602.36,0.327
749356.50,6418296.50,381.97,63.30,445.28,-0.004
749325.81,6418280.00,382.97,63.30,445.28,-0.007
749303.63,6418257.00,383.98,63.30,445.28,0.016
749263.38,6418237.50,384.98,61.50,364.96,-0.001
746808.44,6419164.50,385.54,63.50,-69.50,-0.001
746935.31,6419063.50,385.65,64.43,-31.39,0.014
747064.75,6418962.00,382.42,59.11,14.96,-0.028
747121.81,6418894.50,382.00,54.82,57.75,0.007
747237.19,6418857.00,379.79,57.38,98.91,-0.029
747431.50,6418782.00,381.00,61.12,208.18,0.017
747410.69,6418737.00,381.23,61.63,215.48,0.017
747358.00,6418703.50,380.77,62.90,200.50,0.023
747295.56,6418690.50,379.27,61.82,177.55,0.025
747446.06,6418505.50,380.75,61.50,414.27,0.086
747458.31,6418429.50,379.16,59.87,508.98,0.085
747341.75,6418367.00,379.98,60.71,529.87,0.067
747410.94,6418249.00,378.67,62.59,723.13,0.156
747627.13,6418138.50,378.20,64.08,983.02,0.274
747754.81,6418032.00,378.00,62.47,1089.56,0.479
747836.75,6417959.00,379.02,60.53,1046.41,0.501
747946.31,6417919.50,378.32,60.02,955.51,0.562
747992.31,6417878.00,379.58,60.60,900.73,0.579
748097.94,6417961.50,381.74,61.59,871.37,0.518
748202.94,6417934.50,380.06,62.67,759.57,0.476
748353.63,6417644.00,379.19,57.72,423.59,0.388
748318.88,6417563.00,379.79,56.16,355.71,0.397
748305.13,6417540.00,380.00,55.75,324.82,0.405
746762.44,6419225.50,386.74,62.00,-74.92,0.011
746845.00,6419145.00,385.57,64.50,-64.16,-0.001
746877.06,6419114.00,385.60,65.40,-57.55,-0.005
746908.19,6419093.00,385.62,65.80,-50.18,-0.008
746969.94,6419046.00,385.00,64.37,-23.18,0.011
746984.25,6419024.00,384.36,63.42,-16.86,0.010
747008.00,6418998.00,383.71,61.98,-8.53,-0.017
747039.56,6418973.50,383.06,60.20,3.90,-0.032
747079.13,6418929.00,382.28,57.15,30.01,-0.018
747148.13,6418881.50,381.26,54.60,70.52,0.005
747189.38,6418858.50,380.53,57.10,88.33,-0.002
747261.44,6418827.00,379.99,57.92,115.53,-0.044
747299.19,6418825.50,380.19,58.92,126.60,-0.035
747321.94,6418813.00,380.40,59.93,140.61,-0.016
747355.81,6418808.00,380.60,60.73,156.88,-0.001
747387.94,6418786.50,380.80,61.01,183.04,0.028
747412.63,6418771.50,381.11,61.23,202.42,0.020
747380.44,6418720.00,381.00,62.08,206.12,0.050
747330.38,6418697.50,380.02,63.02,189.84,0.008
747315.94,6418655.50,379.57,63.64,199.98,0.007
747332.06,6418624.00,379.88,64.89,228.56,0.002
747387.06,6418569.50,380.11,62.52,310.43,0.051
747399.94,6418547.00,380.03,62.01,343.51,0.054
747448.94,6418471.00,379.96,60.72,456.19,0.064
747414.69,6418417.00,379.43,59.86,503.74,0.051
747384.75,6418400.50,379.70,60.23,509.49,0.045
747375.56,6418311.00,379.32,60.59,617.86,0.056
747406.75,6418283.00,379.00,61.04,671.25,0.107
747455.88,6418222.50,378.60,62.56,781.93,0.178
747499.25,6418205.00,378.47,63.07,825.55,0.202
747540.94,6418183.50,378.40,63.71,875.41,0.220
747559.56,6418165.50,378.33,64.32,910.70,0.243
747593.25,6418162.50,378.27,63.84,932.14,0.268
747661.31,6418122.00,378.16,64.27,1020.13,0.285
747701.44,6418078.00,378.08,65.73,1081.95,0.378
747738.88,6418064.50,378.04,64.42,1084.27,0.411
747787.88,6418014.00,378.34,61.24,1075.48,0.442
747810.88,6417987.00,378.68,60.90,1065.26,0.464
747855.94,6417982.00,378.88,61.63,1033.48,0.522
747897.19,6417970.50,378.61,60.36,1004.95,0.552
747917.25,6417936.50,378.46,59.74,982.03,0.542
747965.31,6417899.00,378.95,60.23,933.01,0.573
747992.44,6417912.00,379.54,60.70,916.77,0.552
747991.00,6417949.50,379.49,60.77,934.81,0.523
748010.38,6417982.50,380.21,60.46,940.52,0.500
748052.00,6417970.50,380.98,60.39,910.09,0.511
748127.38,6417947.50,381.18,62.01,836.55,0.515
748164.75,6417948.50,380.62,61.72,805.20,0.511
748215.31,6417905.50,379.75,64.07,719.25,0.436
748216.63,6417868.50,379.45,65.66,684.87,0.410
748230.38,6417834.50,379.14,64.56,644.42,0.430
748241.44,6417801.50,378.83,63.00,612.90,0.450
748253.00,6417762.00,378.53,60.91,576.93,0.498
748280.19,6417720.50,378.72,58.86,525.51,0.468
748334.31,6417670.50,379.21,58.28,452.33,0.350
748344.94,6417612.00,379.39,57.16,406.11,0.432
748331.94,6417586.50,379.59,56.74,389.39,0.402
749007.06,6417341.50,385.55,57.44,297.00,0.230
748989.25,6417350.00,385.30,57.78,313.91,0.227
748970.38,6417369.50,385.05,58.50,347.41,0.209
748931.44,6417395.50,384.83,58.46,389.97,0.240
748887.94,6417440.50,384.00,56.56,419.75,0.270
748831.19,6417479.00,383.77,56.02,438.47,0.264
748739.94,6417528.00,382.62,55.38,447.97,0.232
748720.69,6417596.00,382.92,54.17,448.70,0.221
748698.94,6417661.50,382.58,54.67,421.55,0.166
748670.50,6417695.00,382.09,55.81,408.17,0.138
748623.88,6417742.50,381.72,58.87,395.15,0.162
748597.94,6417748.00,381.46,59.63,400.57,0.170
748561.63,6417775.50,381.58,60.80,410.59,0.195
748538.69,6417796.50,381.87,61.28,418.18,0.221
748513.38,6417847.50,381.99,62.34,437.80,0.169
748483.63,6417859.00,381.32,62.13,464.41,0.204
748480.56,6417873.50,381.07,61.82,476.28,0.210
748407.31,6417893.00,380.77,61.29,539.07,0.271
748400.13,6417876.00,381.34,61.73,529.23,0.282
748386.06,6417846.50,381.93,61.62,514.46,0.301
748355.00,6417793.00,381.57,60.63,504.81,0.333
748361.31,6417769.00,382.54,60.16,487.79,0.338
748338.19,6417717.50,380.38,59.21,475.41,0.369
748307.63,6417702.50,379.10,58.12,490.35,0.447
748949.75,6417388.00,384.94,58.77,377.91,0.231
748904.81,6417419.00,384.42,57.41,407.62,0.252
748861.88,6417466.50,383.89,55.86,433.84,0.267
748809.13,6417495.50,383.41,55.96,443.55,0.254
748732.19,6417562.00,382.77,54.79,448.74,0.230
748714.38,6417624.00,382.75,54.14,438.21,0.194
748652.75,6417724.00,381.91,57.22,397.95,0.149
748529.00,6417836.50,381.93,62.29,422.04,0.176
748429.69,6417890.50,380.97,61.29,523.09,0.247
749089.56,6416301.00,384.10,60.05,-597.14,-0.008
749070.00,6416329.50,384.76,61.42,-627.86,0.010
749067.63,6416367.00,384.80,62.61,-621.35,0.026
749070.88,6416412.00,384.47,62.24,-603.47,0.040
749069.63,6416427.50,384.44,61.83,-585.60,0.041
749071.69,6416461.00,384.40,60.78,-561.68,0.047
749081.25,6416482.50,385.50,59.73,-537.67,0.056
749100.19,6416538.00,385.74,57.15,-477.40,0.079
749096.56,6416571.50,384.87,56.31,-437.74,0.062
749094.50,6416602.00,384.01,55.46,-405.05,0.070
749094.69,6416630.00,384.14,55.91,-380.63,0.092
749084.75,6416671.00,384.27,57.76,-344.75,0.085
749078.88,6416707.00,384.40,59.23,-317.62,0.042
749066.75,6416734.00,384.59,60.60,-292.35,0.073
749064.69,6416762.50,384.78,61.64,-272.11,0.093
749052.13,6416805.00,384.98,63.38,-229.41,0.090
749036.56,6416837.50,385.17,64.65,-193.87,0.084
749023.00,6416870.50,385.27,63.70,-171.40,0.094
749016.00,6416901.00,385.37,62.18,-155.77,0.106
748994.63,6416927.00,385.19,60.67,-134.35,0.090
748979.06,6416946.50,385.01,59.65,-116.87,0.099
748975.25,6416981.50,384.83,58.08,-103.77,0.163
748953.88,6417011.00,384.56,56.49,-79.16,0.159
748942.94,6417046.00,384.28,54.76,-59.98,0.157
748930.50,6417084.50,384.01,52.81,-39.29,0.180
748910.00,6417101.00,384.72,52.57,-9.10,0.201
748900.25,6417128.00,385.43,53.45,31.17,0.220
748888.19,6417149.50,386.74,54.19,66.44,0.232
748885.25,6417181.00,386.98,54.85,113.88,0.254
748875.25,6417200.50,387.23,55.21,146.92,0.265
748865.63,6417236.50,387.48,55.95,203.56,0.275
748845.56,6417250.50,387.02,56.35,232.73,0.278
748826.00,6417284.50,386.56,56.87,288.56,0.271
748823.88,6417318.00,385.75,57.27,337.26,0.322
748812.50,6417347.50,384.94,57.65,382.26,0.347
748796.81,6417374.00,384.13,57.95,416.15,0.349
748784.94,6417391.00,383.32,57.78,437.65,0.348
748772.88,6417429.00,383.21,57.11,443.15,0.346
748763.63,6417472.00,383.10,56.36,445.87,0.286
748754.63,6417483.50,383.01,56.16,446.65,0.283
744684.76,6415304.50,366.10,56.50,-44.20,-0.025
744982.73,6415318.50,366.10,64.00,171.63,-0.064
745305.01,6415295.00,366.41,59.00,-79.52,-0.096
745890.96,6415317.50,368.32,54.10,-207.88,-0.096
746182.94,6415316.50,371.85,60.10,-240.86,-0.068
746501.55,6415315.50,368.75,61.10,-145.45,-0.099
746802.57,6415319.50,370.64,55.80,-174.43,-0.079
747079.66,6415299.00,372.56,55.30,-210.09,-0.059
747381.63,6415298.00,373.08,60.50,-244.44,-0.040
747680.43,6415316.00,380.27,66.40,-303.96,-0.020
747993.09,6415302.00,386.43,56.80,-317.06,-0.032
748288.18,6415294.00,387.48,56.00,-266.02,0.008
748600.02,6415298.50,388.93,58.90,-334.03,0.025
748889.54,6415318.00,392.32,54.00,-294.71,0.021
749187.38,6415304.00,395.67,53.00,-252.97,0.031
744703.49,6415409.50,367.53,57.19,-41.69,-0.076
744991.23,6415396.50,367.14,65.14,124.34,-0.071
745313.56,6415397.50,367.80,59.90,-70.78,-0.045
745900.45,6415401.00,369.06,55.14,-198.47,-0.106
746199.45,6415407.50,370.98,59.93,-233.95,-0.097
746489.33,6415401.50,371.00,61.32,-155.99,-0.096
746805.49,6415406.50,371.85,56.78,-169.44,-0.044
747075.65,6415420.50,372.18,56.56,-207.43,-0.028
747407.97,6415418.00,373.81,60.12,-263.22,-0.049
747699.93,6415391.00,379.46,66.40,-303.96,-0.016
747999.04,6415402.50,385.70,56.21,-335.74,-0.002
748307.45,6415410.50,389.35,55.57,-310.93,-0.013
748596.40,6415405.00,388.56,57.90,-354.34,-0.036
748906.57,6415404.00,393.24,53.95,-312.25,0.034
749172.15,6415389.50,396.98,53.00,-252.97,0.075
744682.28,6415502.00,365.89,57.80,-38.85,-0.043
744988.09,6415496.00,365.89,66.40,36.57,-0.069
745307.97,6415499.00,366.10,61.43,-49.81,-0.101
745903.98,6415512.00,370.66,57.89,-171.02,-0.074
746189.70,6415520.00,373.62,59.91,-226.46,-0.058
746495.76,6415517.00,370.64,62.22,-186.16,-0.085
746810.47,6415505.50,373.09,59.05,-159.38,-0.042
747096.08,6415511.00,373.14,58.92,-204.67,-0.064
747380.28,6415492.50,374.90,61.08,-273.06,-0.044
747701.19,6415504.00,379.28,59.59,-319.30,0.037
747999.34,6415489.50,384.21,55.02,-381.55,-0.040
748312.46,6415505.00,388.57,53.47,-390.08,-0.034
748585.11,6415490.50,392.01,55.77,-399.18,-0.016
748918.63,6415516.50,392.34,54.43,-390.18,-0.049
749183.42,6415515.50,395.49,56.60,-397.28,0.015
744697.16,6415596.00,366.79,58.00,-60.17,-0.036
744988.32,6415607.00,366.79,66.86,-50.62,-0.117
745297.31,6415588.00,366.71,62.87,-28.96,-0.106
745896.10,6415602.50,369.46,60.00,-147.79,-0.079
746204.04,6415605.50,372.02,59.07,-220.92,-0.066
746501.32,6415585.50,371.31,62.55,-200.41,-0.059
746800.92,6415593.50,372.39,60.67,-151.48,-0.061
747106.75,6415582.00,372.91,60.47,-204.98,-0.057
747401.53,6415611.50,374.87,61.71,-311.94,-0.044
747698.20,6415598.00,378.05,54.76,-334.21,-0.074
748003.20,6415598.00,384.71,53.50,-438.22,-0.039
748304.88,6415629.00,387.81,51.87,-484.86,0.006
748599.76,6415592.00,391.94,53.40,-457.14,-0.037
748890.44,6415585.00,392.44,55.42,-446.78,-0.039
749206.32,6415613.50,391.20,56.60,-397.28,-0.009
744697.46,6415702.00,366.13,58.00,-60.17,-0.085
745006.07,6415710.50,366.20,61.10,-62.85,-0.123
745311.15,6415717.50,366.64,60.01,-78.94,-0.059
745900.35,6415687.00,368.30,57.62,-143.98,-0.117
746205.11,6415690.50,370.51,57.61,-213.56,-0.017
746498.96,6415711.00,372.26,60.49,-205.68,-0.047
746800.42,6415709.00,373.20,58.99,-193.18,-0.026
747084.35,6415712.00,373.81,60.98,-253.36,-0.016
747396.37,6415713.00,375.00,60.66,-379.26,-0.025
747691.21,6415723.50,379.49,55.73,-472.35,-0.088
747982.90,6415680.00,382.62,54.07,-488.68,-0.045
748295.08,6415707.50,389.58,55.46,-517.25,0.003
748587.77,6415698.50,392.06,55.82,-498.20,-0.028
748909.31,6415710.00,392.03,57.80,-496.53,-0.038
749206.27,6415698.50,390.80,56.60,-397.28,-0.034
744694.36,6415790.50,369.07,56.00,11.12,-0.062
744986.63,6415819.50,368.93,54.75,-84.14,-0.088
745307.88,6415810.00,369.64,57.62,-113.47,-0.082
745597.57,6415788.50,370.82,57.68,-114.12,-0.042
745903.92,6415809.00,369.64,53.97,-139.66,-0.081
746201.43,6415809.50,370.00,55.28,-202.80,-0.037
746497.78,6415814.50,371.09,58.76,-207.73,-0.040
746804.66,6415802.50,373.28,58.28,-226.54,-0.016
747083.42,6415815.50,372.89,60.99,-304.16,-0.060
747394.10,6415805.50,374.03,59.65,-445.34,-0.069
747720.21,6415798.50,380.16,56.46,-574.58,-0.095
748003.46,6415805.00,383.30,54.26,-576.60,-0.122
748596.90,6415817.50,389.67,60.31,-540.84,-0.032
748895.95,6415801.00,387.62,60.84,-530.12,-0.031
749195.37,6415803.50,388.52,63.00,-530.56,-0.042
744696.83,6415895.50,368.75,56.00,11.12,-0.075
745009.27,6415920.50,368.75,53.69,-89.53,-0.069
745303.58,6415920.00,368.98,57.17,-113.58,-0.088
746197.86,6415921.50,371.39,55.34,-204.68,-0.042
746808.94,6415907.00,371.68,58.15,-274.20,-0.034
748013.20,6415920.00,382.81,53.94,-771.69,-0.148
748282.34,6415917.50,387.61,59.65,-630.32,-0.030
748905.24,6415900.00,387.95,60.75,-584.67,-0.045
749192.52,6415911.00,389.44,63.00,-530.56,-0.034
744700.56,6415997.50,368.99,51.70,-72.34,-0.069
744999.51,6415998.00,368.99,55.72,-86.75,-0.062
745309.40,6415992.50,368.68,58.74,-79.73,-0.072
745612.23,6416006.00,369.72,56.65,-121.81,-0.031
745915.07,6416001.00,369.17,56.98,-147.20,-0.026
746219.79,6415996.50,371.08,56.41,-214.90,-0.045
746505.82,6416023.00,371.88,57.68,-269.72,-0.083
746819.97,6416005.50,370.77,58.93,-337.86,-0.086
747110.64,6415992.00,372.80,54.90,-409.35,-0.068
747431.82,6416013.50,375.74,57.75,-588.17,0.105
747713.37,6415994.00,381.35,54.41,-889.69,0.042
748023.33,6415998.50,383.94,52.92,-944.40,-0.070
748291.02,6416014.00,387.71,58.47,-712.31,-0.001
748605.54,6415993.50,385.00,57.11,-697.19,-0.075
748911.71,6416002.00,385.03,57.41,-675.56,-0.083
749213.30,6416003.00,388.90,55.00,-693.10,-0.106
744709.63,6416110.00,367.40,51.89,-68.56,-0.097
745013.88,6416094.50,367.34,58.39,-81.48,-0.039
745317.91,6416115.00,367.85,60.90,-38.66,-0.036
745913.20,6416101.00,369.88,59.92,-154.55,-0.053
746200.95,6416117.00,369.00,58.54,-222.25,-0.029
746528.11,6416121.50,370.92,58.62,-367.80,-0.063
746812.20,6416113.50,372.82,59.15,-457.03,-0.130
747103.71,6416105.00,373.71,50.91,-477.77,-0.046
747408.28,6416102.00,375.65,57.95,-590.19,0.208
747717.67,6416106.00,382.49,52.37,-1035.86,0.254
748015.54,6416118.00,382.16,51.85,-1147.83,0.053
748314.04,6416093.00,384.14,58.04,-780.90,-0.051
748625.03,6416099.00,382.08,53.35,-793.78,-0.013
748905.27,6416123.50,383.91,54.16,-762.88,-0.083
749220.67,6416128.00,389.33,55.00,-693.10,-0.017
744711.54,6416202.50,369.78,50.08,-84.31,-0.073
745017.11,6416206.00,370.10,56.37,-82.71,-0.078
745318.95,6416192.00,369.30,60.14,-51.79,-0.044
745627.17,6416206.00,369.98,57.63,-144.52,-0.071
745922.29,6416202.50,369.64,58.15,-182.40,-0.067
746214.62,6416209.50,372.57,60.69,-229.23,-0.027
746510.53,6416202.00,372.97,59.82,-514.67,-0.070
746808.92,6416184.00,370.80,60.39,-648.07,-0.150
747119.33,6416201.50,373.94,54.01,-582.16,-0.040
747404.47,6416199.00,376.03,58.95,-368.64,0.324
747728.43,6416203.50,382.10,54.95,-334.94,0.363
748007.71,6416205.00,381.37,54.44,-873.70,0.188
748301.98,6416199.50,382.81,56.52,-750.25,0.018
748606.68,6416219.00,380.53,57.79,-681.13,0.032
748902.12,6416219.00,382.72,56.42,-734.22,-0.040
749221.47,6416193.00,387.09,55.00,-693.10,-0.039
744716.87,6416303.50,369.39,48.19,-98.26,-0.035
745005.64,6416295.00,369.01,53.76,-87.70,-0.045
745304.77,6416311.00,368.36,59.44,-72.99,-0.046
745912.72,6416290.00,371.07,56.68,-202.10,-0.047
746815.14,6416295.00,372.72,62.31,-939.76,-0.077
747123.50,6416300.50,375.50,57.02,-685.86,-0.026
748009.85,6416293.00,380.80,56.91,-539.66,0.255
748316.71,6416305.00,382.56,55.14,-707.68,0.110
748606.09,6416311.50,378.71,61.06,-586.45,0.092
748913.27,6416286.00,382.05,58.18,-702.26,-0.000
749224.43,6416309.50,386.30,62.00,-651.08,-0.019
744711.54,6416405.50,370.38,48.36,-106.79,-0.053
745025.78,6416402.00,370.38,52.81,-91.28,-0.087
745321.87,6416394.00,370.03,58.66,-92.30,-0.070
745628.84,6416392.50,370.00,58.18,-171.41,-0.058
745915.26,6416413.50,372.20,56.43,-236.05,-0.072
746207.95,6416382.50,372.95,64.68,-250.74,-0.043
746523.70,6416417.00,375.54,62.60,-911.76,-0.017
746827.79,6416418.50,373.59,62.88,-1200.15,0.021
747108.91,6416411.50,374.78,59.34,-854.34,-0.035
747396.12,6416384.50,375.50,60.98,34.92,0.289
747723.26,6416392.00,376.75,60.17,1177.36,0.457
748022.13,6416407.00,380.00,57.79,-316.04,0.307
748327.47,6416408.50,381.93,53.14,-584.61,0.171
748616.70,6416404.50,381.15,62.34,-472.62,0.155
748919.64,6416401.50,381.38,60.69,-635.94,0.043
749233.51,6416410.50,386.57,62.00,-651.08,0.024
744720.75,6416504.00,370.23,52.91,-103.74,-0.073
745010.65,6416495.50,370.24,55.38,-101.81,-0.029
745299.48,6416496.50,370.18,60.09,-100.84,-0.041
745600.53,6416511.50,370.64,60.28,-172.27,-0.039
745916.60,6416490.00,371.55,57.78,-258.00,-0.070
746212.92,6416503.00,375.18,62.54,-378.25,-0.018
746524.47,6416524.00,373.03,61.10,-895.64,0.029
746815.53,6416492.50,373.09,59.94,-881.45,0.101
747132.41,6416496.00,374.91,56.19,-1009.27,0.013
747421.00,6416488.00,376.01,57.34,-265.16,0.188
747720.42,6416512.00,377.93,54.67,111.45,0.254
748014.57,6416504.00,380.00,55.48,-323.15,0.322
748323.45,6416504.50,379.32,51.14,-372.11,0.345
748616.10,6416502.50,379.63,58.93,-283.90,0.279
748907.18,6416475.50,382.00,58.99,-524.26,0.062
749198.54,6416502.50,386.51,54.60,-398.10,0.050
744705.08,6416607.50,369.16,57.73,-102.50,-0.074
745016.82,6416601.00,369.16,58.83,-111.69,-0.040
745332.83,6416611.00,369.95,60.11,-118.35,-0.041
745623.32,6416613.50,369.29,61.72,-186.41,-0.049
745907.47,6416586.50,372.27,59.55,-281.16,-0.054
746223.50,6416588.00,377.95,60.29,-478.49,-0.035
746510.78,6416605.00,374.11,59.90,-884.08,0.069
746810.90,6416608.00,373.37,55.87,-419.87,0.283
747109.39,6416598.50,372.15,53.04,-1331.79,0.076
747439.99,6416609.50,376.68,53.01,-740.09,0.081
747737.33,6416595.50,376.98,51.45,-617.25,0.146
748026.72,6416621.00,378.18,52.01,-344.94,0.225
748317.51,6416613.50,379.92,49.39,-146.53,0.402
748909.76,6416629.50,380.86,57.43,-310.11,0.109
749206.34,6416614.50,384.94,54.60,-398.10,0.027
744725.52,6416720.50,369.88,56.22,-106.74,-0.058
745030.04,6416712.00,369.50,58.30,-119.19,-0.052
745301.82,6416698.00,370.33,61.02,-124.79,-0.074
745925.50,6416707.00,375.96,56.23,-321.90,-0.037
746521.38,6416707.00,375.99,56.52,-1085.21,0.130
746826.77,6416701.50,376.17,55.87,-390.09,0.372
747120.54,6416712.00,375.23,54.87,-1181.22,0.131
747421.66,6416708.50,376.73,55.65,-792.18,0.031
747697.96,6416708.00,378.97,54.53,-721.90,0.052
748010.46,6416701.50,378.00,54.58,-357.60,0.184
748330.72,6416721.00,376.69,55.49,-26.63,0.444
748629.53,6416677.00,380.02,59.25,-2.73,0.400
748916.09,6416705.00,382.91,59.82,-237.96,0.089
749219.95,6416704.50,389.24,54.60,-398.10,0.063
744731.11,6416803.00,371.28,55.40,-110.98,-0.007
745015.20,6416801.00,371.28,57.50,-123.76,-0.047
745318.17,6416800.00,370.06,60.65,-136.64,-0.048
745913.66,6416786.50,378.55,53.53,-332.12,-0.024
746228.65,6416814.50,381.94,46.28,-1057.52,0.125
746521.32,6416804.00,378.23,53.32,-1287.11,0.243
746820.64,6416817.00,379.04,56.18,152.30,0.441
747127.12,6416816.00,374.09,56.47,-1083.72,0.150
747430.64,6416817.00,377.91,58.05,-821.14,0.072
747743.10,6416793.00,378.97,59.05,-656.51,0.058
748022.32,6416807.00,379.41,56.03,-319.46,0.128
748338.51,6416801.00,379.33,60.30,55.23,0.435
748617.63,6416804.00,379.38,65.76,156.82,0.439
748913.41,6416790.00,382.30,62.58,-150.76,0.150
749217.80,6416803.00,385.75,62.60,-223.94,0.063
744727.63,6416907.00,371.73,55.03,-119.78,-0.022
745039.28,6416892.50,371.73,57.38,-129.95,-0.085
745336.67,6416899.50,371.07,60.68,-147.15,-0.030
745632.82,6416891.50,373.12,61.36,-207.63,-0.037
745913.49,6416903.00,380.31,51.36,-326.07,-0.008
746218.09,6416886.50,384.19,46.19,-739.99,0.281
746530.05,6416903.00,379.43,54.60,-962.12,0.459
746816.50,6416916.50,377.52,58.35,322.23,0.524
747123.16,6416893.00,374.01,57.96,-997.36,0.184
747432.36,6416906.00,377.94,58.95,-834.39,0.143
747725.46,6416926.50,379.83,62.02,-669.67,0.188
748031.79,6416905.50,382.79,57.09,-324.79,0.118
748333.15,6416914.50,379.23,63.12,80.02,0.344
748613.60,6416918.00,378.51,66.89,193.38,0.371
748927.96,6416889.50,385.06,62.65,-90.47,0.159
749240.02,6416908.00,386.87,62.60,-223.94,0.064
744721.71,6417014.50,373.99,55.82,-133.53,-0.026
745011.57,6417019.50,373.99,60.80,-136.16,-0.086
745334.77,6416998.50,373.13,62.84,-153.47,-0.018
745614.35,6417005.50,376.00,60.63,-186.84,-0.071
745915.16,6416990.00,381.06,51.76,-296.70,0.030
746230.29,6416993.50,383.24,53.13,374.97,0.477
746521.43,6417009.50,379.41,60.51,-3.61,0.647
746840.96,6416995.50,378.55,62.11,427.35,0.580
747135.13,6417007.00,373.10,60.69,-959.11,0.252
747427.00,6417004.00,377.83,58.48,-882.75,0.348
747719.95,6417017.00,379.86,62.25,-711.00,0.334
748021.74,6417000.00,380.90,55.99,-399.44,0.150
748314.48,6416993.50,379.41,61.06,-24.51,0.280
748620.25,6417000.50,381.29,62.86,120.90,0.296
748939.62,6417000.50,383.47,57.06,-70.17,0.185
749243.17,6417009.00,388.06,53.00,-109.54,0.107
744746.49,6417100.00,375.06,57.36,-138.89,-0.039
745040.45,6417104.50,375.06,62.89,-140.22,-0.026
745329.54,6417109.00,374.95,64.99,-161.25,-0.086
745917.92,6417106.00,382.96,51.98,-252.94,0.028
746237.84,6417099.00,383.49,60.89,1476.40,0.603
746838.75,6417104.00,378.90,65.91,483.10,0.701
747118.12,6417097.00,373.45,62.74,-821.78,0.401
747714.41,6417083.50,379.22,62.45,-744.14,0.459
748035.16,6417099.00,379.00,55.09,-429.19,0.231
748621.31,6417100.50,381.03,58.37,46.77,0.264
749240.40,6417105.00,387.22,53.00,-109.54,0.118
744730.86,6417215.50,376.92,53.19,-73.76,-0.032
745035.51,6417201.00,376.92,59.50,-152.28,-0.029
745339.43,6417216.00,377.00,64.56,-174.57,-0.055
745629.04,6417199.50,377.53,59.96,-180.85,-0.027
745927.79,6417206.00,383.21,52.43,-201.72,0.010
746222.90,6417227.00,383.86,56.30,1177.27,0.548
746529.68,6417206.50,380.70,61.76,1553.76,0.866
746834.04,6417193.00,379.23,61.50,898.61,0.783
747143.93,6417213.00,372.10,59.81,-121.81,0.548
747414.94,6417216.50,374.07,56.02,-49.64,0.636
747744.40,6417183.00,382.98,61.06,-217.20,0.618
748019.46,6417192.50,378.01,56.79,-271.66,0.333
748329.34,6417211.50,381.75,56.69,-76.79,0.242
748610.78,6417202.00,380.03,58.03,148.89,0.311
748933.46,6417198.50,387.83,54.42,110.58,0.244
749226.37,6417222.00,389.01,53.00,-109.54,0.191
744718.37,6417303.50,378.12,50.25,-22.29,0.006
745036.40,6417280.00,378.06,56.73,-162.34,-0.037
745323.70,6417320.00,378.87,64.15,-186.50,-0.068
745632.26,6417310.50,380.00,59.31,-187.68,-0.017
745924.86,6417284.00,383.91,52.67,-159.65,-0.020
746245.53,6417314.50,385.78,54.52,1064.63,0.462
746545.22,6417321.00,380.00,56.95,2361.73,0.858
746838.31,6417300.50,380.71,56.22,1454.62,0.805
747132.33,6417314.00,374.04,57.36,630.64,0.730
747437.06,6417310.00,376.34,54.54,801.15,0.763
747731.14,6417304.50,380.86,60.13,677.26,0.751
748049.25,6417310.00,377.96,58.45,-33.94,0.418
748327.59,6417299.00,382.28,55.83,-20.96,0.287
748638.76,6417295.00,381.48,56.88,295.73,0.390
748936.33,6417314.00,386.81,57.28,281.34,0.275
749228.92,6417312.50,389.58,58.00,372.11,0.183
744733.58,6417404.50,383.04,48.27,-33.99,0.015
745036.97,6417411.50,381.33,52.54,-146.41,0.005
745338.50,6417400.50,381.28,61.97,-191.33,-0.048
745643.46,6417401.50,381.76,59.46,-190.96,-0.006
745929.08,6417414.00,385.38,53.46,-109.23,-0.052
746250.89,6417392.00,383.00,51.69,817.54,0.271
746537.64,6417398.50,381.11,54.27,2740.10,0.767
746831.11,6417400.00,379.70,53.11,1864.63,0.857
747128.58,6417392.00,375.11,56.69,1139.51,0.806
747458.73,6417406.00,375.88,54.97,1296.56,0.897
747712.55,6417412.50,378.15,60.46,1063.41,0.793
748034.97,6417408.50,380.46,58.63,212.25,0.558
748345.75,6417394.50,380.85,55.32,88.66,0.312
748633.05,6417412.50,382.25,56.61,415.66,0.412
748941.11,6417387.50,384.40,58.78,380.39,0.233
749226.17,6417418.50,386.33,58.00,372.11,0.217
744749.13,6417523.00,385.40,47.25,-108.95,-0.023
745021.37,6417513.00,385.40,49.18,-113.13,-0.002
745345.53,6417499.00,383.55,57.90,-193.17,0.010
745935.66,6417477.50,384.57,54.32,-121.98,-0.037
746840.87,6417500.50,380.61,55.34,2014.75,0.775
747440.65,6417502.00,375.88,56.02,1450.51,0.850
748036.11,6417500.00,381.10,57.86,459.65,0.605
748353.57,6417494.50,380.34,56.17,245.91,0.388
748751.88,6417505.50,382.99,55.77,447.04,0.258
748926.23,6417512.00,384.16,55.44,447.55,0.221
749235.82,6417479.00,386.21,58.00,372.11,0.200
744750.14,6417607.50,388.47,47.06,-149.96,-0.023
745028.33,6417604.50,388.47,47.51,-87.95,-0.036
745341.90,6417595.50,387.15,53.98,-191.76,0.011
745644.86,6417612.50,383.02,61.18,-190.54,-0.007
745957.89,6417611.00,385.06,55.30,-145.81,-0.026
746259.62,6417603.50,385.00,58.50,188.26,-0.056
746537.15,6417608.00,380.02,58.04,1247.80,0.291
746827.17,6417593.50,381.55,57.77,2127.56,0.653
747143.28,6417596.00,376.86,59.81,2227.92,0.801
747438.47,6417586.50,375.84,57.13,1651.61,0.790
747740.86,6417615.50,377.03,63.90,1057.61,0.644
748032.95,6417601.00,380.64,57.04,720.45,0.582
748350.17,6417596.50,378.88,56.89,390.85,0.398
748634.49,6417590.50,380.13,54.67,451.26,0.273
748941.76,6417604.50,383.52,53.06,488.47,0.182
749239.51,6417607.50,387.00,51.00,522.68,0.129
744744.66,6417699.00,392.16,48.56,-155.78,-0.044
745057.12,6417700.50,392.16,50.59,-109.91,-0.007
745348.96,6417701.50,391.85,52.74,-148.24,0.037
745637.34,6417717.50,386.05,57.03,-182.48,-0.009
745936.45,6417713.50,385.55,54.98,-154.09,0.012
746223.62,6417706.50,385.25,55.13,61.29,-0.025
746540.74,6417694.00,382.88,56.28,974.48,0.146
746865.05,6417700.00,382.70,56.94,1795.12,0.557
747144.51,6417692.00,375.74,60.49,2074.29,0.684
747432.72,6417708.50,375.69,57.84,1705.71,0.652
747746.60,6417702.50,377.98,60.48,1087.83,0.605
748028.74,6417697.00,379.28,58.66,790.60,0.565
748338.66,6417708.50,377.97,59.04,470.09,0.360
748637.96,6417705.00,381.32,57.29,410.33,0.166
748945.20,6417704.50,381.88,53.44,425.69,0.110
749233.10,6417712.00,384.80,51.00,522.68,0.078
744733.75,6417804.00,391.99,50.21,-161.17,-0.027
745022.97,6417790.00,391.99,52.89,-144.36,-0.015
745352.37,6417806.50,392.19,50.96,-99.36,0.011
745650.73,6417784.00,389.83,54.11,-179.47,0.009
745932.80,6417800.00,385.86,54.04,-154.32,0.007
746249.46,6417798.50,387.37,55.17,62.91,-0.006
746527.90,6417805.00,384.54,54.58,617.65,0.084
746856.33,6417808.00,382.72,55.59,1380.65,0.344
747144.17,6417796.50,378.00,61.15,1745.28,0.557
747460.25,6417794.50,377.01,57.65,1597.41,0.587
747731.66,6417796.00,377.86,56.80,1138.63,0.539
748044.79,6417796.50,379.83,61.12,815.89,0.562
748649.32,6417819.50,381.07,59.67,352.10,0.088
748951.29,6417809.00,381.81,54.01,342.18,0.082
749232.54,6417790.00,383.28,57.50,318.03,0.014
744732.66,6417902.50,390.29,50.98,-156.68,-0.023
745045.20,6417910.50,390.32,53.42,-166.43,0.019
745330.22,6417899.00,392.00,49.77,-94.02,-0.003
745650.89,6417898.50,392.92,51.29,-169.70,0.049
745942.48,6417924.50,388.38,53.73,-136.55,0.026
746247.63,6417907.00,386.40,54.04,25.50,0.045
746540.20,6417904.50,383.93,53.55,427.27,0.030
746832.56,6417900.50,385.63,54.22,1008.55,0.204
747125.92,6417915.50,380.00,62.55,1334.83,0.323
747444.92,6417890.50,377.15,59.47,1518.57,0.501
747737.98,6417918.50,376.76,57.08,1135.88,0.521
748642.51,6417885.50,382.46,60.52,364.90,0.113
748929.88,6417898.00,381.81,54.78,329.64,0.076
749240.62,6417903.50,383.50,57.50,318.03,0.001
744765.46,6417998.50,391.48,51.09,-143.86,0.001
745056.72,6418024.00,391.48,50.66,-173.34,-0.020
745351.58,6417995.50,392.00,50.64,-124.78,0.019
745649.30,6418006.50,393.56,52.44,-154.73,0.053
745952.00,6417991.00,392.24,54.00,-117.33,0.020
746239.20,6418001.00,387.04,54.50,2.40,0.029
746555.14,6418004.50,386.78,55.08,336.01,0.096
746833.67,6418006.00,385.74,54.40,713.11,0.135
747156.47,6417996.00,380.77,64.52,1081.86,0.220
747434.88,6417988.50,376.46,64.61,1248.45,0.338
747741.38,6417998.00,377.69,61.07,1105.12,0.479
748043.10,6417993.00,379.33,60.02,929.25,0.505
748345.17,6418012.00,380.46,59.08,708.79,0.291
748673.58,6418011.00,380.25,57.03,458.04,0.128
748956.87,6418025.50,380.00,57.86,381.44,0.039
749252.65,6418005.00,382.32,61.50,364.96,0.049
744742.30,6418087.50,390.36,50.21,-126.32,-0.020
745067.63,6418094.50,390.74,48.97,-179.37,-0.010
745355.13,6418104.00,392.00,51.47,-163.61,-0.006
745638.20,6418113.50,393.36,53.64,-140.23,0.030
745957.60,6418115.00,393.68,54.38,-86.68,0.044
746255.93,6418081.50,388.73,54.19,-2.14,0.051
746548.50,6418110.00,388.14,57.21,210.05,0.071
746844.72,6418096.00,387.44,54.79,475.89,0.082
747142.26,6418110.50,383.38,64.84,708.38,0.124
747436.52,6418098.50,377.18,68.76,954.88,0.274
747757.68,6418106.50,377.65,63.92,1048.57,0.343
748052.96,6418114.00,378.97,58.23,969.61,0.415
748356.84,6418102.00,380.71,57.84,784.21,0.184
748652.93,6418113.00,379.49,56.13,554.38,0.133
748938.32,6418110.50,380.85,58.66,424.16,0.043
749255.03,6418121.00,382.12,61.50,364.96,0.042
744737.75,6418213.00,391.23,53.54,-130.87,-0.047
745063.92,6418200.00,391.01,53.13,-173.67,-0.034
745350.13,6418185.50,391.14,52.62,-173.71,0.010
745648.34,6418208.50,393.53,52.85,-139.90,0.052
745944.22,6418202.50,394.96,53.13,-94.49,0.075
746253.77,6418198.50,392.47,53.99,-21.39,0.067
746562.05,6418209.50,391.00,53.86,143.01,0.029
746867.58,6418208.00,389.42,53.30,369.90,0.042
747157.62,6418203.50,383.33,62.19,605.75,0.102
747455.75,6418216.00,379.38,62.86,791.38,0.183
747755.45,6418179.50,378.06,61.72,953.03,0.280
748048.16,6418205.50,378.83,59.34,913.13,0.308
748360.71,6418186.00,380.32,59.36,778.07,0.169
748645.08,6418195.00,380.65,57.75,591.21,0.154
748938.24,6418206.50,379.51,61.00,461.19,0.075
749253.76,6418201.00,382.16,61.50,364.96,0.019
744764.24,6418309.50,391.00,56.14,-137.25,-0.055
745053.46,6418305.00,391.00,58.21,-165.04,-0.075
745341.25,6418304.00,392.17,54.51,-177.37,0.044
745657.01,6418313.50,394.87,51.61,-146.25,0.048
745957.83,6418298.50,395.93,52.57,-106.81,0.031
746266.88,6418298.00,393.13,53.19,-30.71,0.031
746547.01,6418313.50,391.43,50.40,60.09,0.069
746845.43,6418294.00,388.85,51.38,279.45,0.022
747172.68,6418306.50,381.10,59.01,488.68,0.090
747431.30,6418290.50,379.02,59.83,671.45,0.098
747753.36,6418278.00,378.40,58.73,823.34,0.227
748063.95,6418301.00,378.69,61.13,852.09,0.193
748342.33,6418301.50,380.15,61.02,768.17,0.132
748655.72,6418321.00,380.56,60.13,626.37,0.146
748965.03,6418305.00,380.03,62.14,483.81,0.046
749255.30,6418319.00,382.16,63.30,445.28,-0.031
744743.30,6418422.00,391.68,56.32,-131.73,-0.055
745050.09,6418399.00,391.01,59.66,-156.82,0.023
745356.60,6418412.00,392.62,54.49,-179.11,-0.002
745678.29,6418409.00,395.83,50.21,-152.31,0.018
745951.39,6418407.50,398.23,51.36,-124.10,0.034
746250.47,6418418.00,393.70,53.47,-49.38,0.006
746552.16,6418393.00,391.99,48.35,14.96,0.033
746852.88,6418401.00,387.75,50.68,192.57,0.014
747161.75,6418397.50,382.66,57.72,377.46,0.067
747452.54,6418402.50,380.04,59.28,538.28,0.067
747772.87,6418406.50,380.88,58.51,669.54,0.081
748061.11,6418418.50,381.93,60.44,739.66,0.085
748350.15,6418383.00,379.35,61.62,740.36,0.083
748676.81,6418410.00,381.62,61.39,629.96,0.063
748956.88,6418410.50,380.38,63.60,524.64,0.075
749245.43,6418397.00,383.95,63.30,445.28,0.016
744776.82,6418516.50,392.04,54.03,-120.28,-0.037
745053.48,6418531.00,392.04,55.29,-143.71,-0.041
745354.68,6418516.00,392.04,51.35,-182.76,0.004
745648.17,6418493.50,395.65,48.21,-163.17,-0.015
745973.23,6418518.50,398.50,51.14,-126.68,0.029
746247.12,6418503.50,393.30,54.52,-60.99,-0.003
746554.63,6418491.50,393.72,50.50,-7.16,0.058
746845.00,6418497.50,388.18,51.61,110.73,0.046
747181.00,6418507.00,383.14,59.95,276.91,-0.016
747456.09,6418521.00,379.08,61.82,400.53,0.070
747756.13,6418507.00,380.12,59.70,540.22,0.032
748075.58,6418511.00,381.98,59.29,641.02,0.049
748352.08,6418507.50,381.00,59.39,659.56,0.053
748665.57,6418501.00,382.00,61.70,629.00,0.074
748977.01,6418507.50,383.45,64.32,547.25,0.049
749280.87,6418516.00,385.79,63.40,561.14,0.026
744766.48,6418618.50,392.92,51.99,-100.64,-0.020
745053.36,6418615.50,392.92,53.40,-133.05,0.003
745344.78,6418605.00,393.97,49.38,-183.83,-0.004
745663.66,6418599.00,395.62,46.23,-171.66,-0.020
745959.12,6418594.00,397.38,51.00,-136.32,0.048
746247.92,6418615.50,394.10,54.99,-75.81,0.039
746565.42,6418593.50,393.02,52.93,-29.32,0.010
746861.67,6418618.50,386.27,53.01,25.32,-0.035
747169.99,6418625.00,382.30,60.67,158.72,-0.051
747451.13,6418591.50,380.70,63.24,315.69,0.006
747752.07,6418626.00,380.29,60.54,412.42,0.001
748061.05,6418606.50,382.29,56.87,536.77,0.031
748368.33,6418620.50,381.35,57.44,596.95,0.033
748656.63,6418619.50,382.93,61.52,617.79,0.084
748958.42,6418584.00,382.03,65.23,580.51,0.053
749254.46,6418611.00,384.65,63.40,561.14,0.063
744763.11,6418700.00,392.92,53.41,-62.94,-0.040
745065.21,6418714.50,392.92,55.36,-117.23,-0.030
745362.18,6418697.00,393.97,51.78,-175.77,0.047
745655.71,6418692.50,395.62,49.54,-167.92,0.034
745968.48,6418709.00,397.38,50.08,-137.54,0.053
746262.78,6418689.50,394.10,52.22,-84.29,0.017
746553.17,6418703.00,392.93,51.39,-41.32,-0.001
746875.07,6418707.00,386.55,54.84,12.29,0.016
747173.51,6418698.00,382.42,59.47,130.67,-0.035
747741.78,6418708.50,380.65,58.92,365.14,-0.033
748081.33,6418708.00,382.12,52.33,477.52,0.011
748348.74,6418700.00,381.77,55.35,559.44,0.012
748666.46,6418702.00,383.03,59.15,594.16,0.029
748958.89,6418726.50,382.97,59.85,585.94,0.007
749255.62,6418719.00,383.32,63.40,561.14,0.074
744749.85,6418818.00,392.92,55.67,-9.73,-0.010
745063.16,6418818.00,392.92,57.44,-96.11,0.032
745375.57,6418798.00,393.97,54.05,-166.62,0.015
745670.78,6418802.00,395.62,53.45,-162.30,0.071
745964.29,6418806.00,397.38,49.35,-141.83,0.030
746247.28,6418802.00,394.10,49.08,-105.88,0.022
746858.29,6418780.50,385.76,55.47,6.46,0.015
747170.42,6418787.00,382.42,57.61,103.78,-0.043
747465.54,6418790.00,380.83,60.94,221.74,0.028
747761.00,6418791.50,380.65,57.41,324.63,0.027
748057.75,6418797.50,382.12,48.45,408.93,-0.004
748354.33,6418804.50,381.77,53.25,514.11,0.030
748661.79,6418790.00,383.03,56.87,565.43,-0.019
748960.18,6418806.50,382.97,55.93,582.47,-0.006
749262.38,6418804.00,383.32,56.40,582.10,0.017
744754.17,6418906.00,392.92,53.96,-0.50,-0.026
745071.50,6418891.50,392.92,57.16,-82.35,0.018
745370.49,6418897.00,393.97,56.21,-155.02,-0.008
745664.82,6418904.00,395.62,53.75,-159.68,0.005
745956.37,6418891.00,397.38,49.01,-144.13,0.026
746276.34,6418896.00,394.10,48.66,-108.48,0.039
746578.29,6418905.50,392.93,50.04,-54.93,0.004
746851.85,6418899.50,385.76,57.62,-3.47,0.009
747456.07,6418904.00,380.83,60.39,171.63,-0.013
747748.50,6418916.50,380.65,57.64,258.38,0.011
748052.33,6418904.50,382.12,48.79,341.31,0.028
748359.99,6418919.00,381.77,53.44,454.61,0.015
748664.96,6418898.50,383.03,57.49,509.57,0.030
748963.44,6418907.00,382.97,56.06,561.85,0.019
749281.14,6418920.00,383.32,56.40,582.10,0.036
744759.36,6418996.50,392.92,51.37,-1.47,-0.016
745087.83,6419008.00,392.92,56.02,-60.33,0.023
745350.24,6419015.50,393.99,58.08,-138.53,0.013
745667.01,6418998.00,395.62,51.39,-158.02,0.016
745952.12,6419006.50,397.38,49.01,-144.85,0.028
746261.80,6418990.50,394.10,50.32,-110.81,0.065
746579.30,6419015.50,392.93,53.41,-70.69,0.042
746869.76,6419020.00,385.76,62.22,-31.61,0.019
747174.57,6419007.00,382.42,62.02,31.99,-0.030
747470.82,6419013.50,380.83,63.66,133.37,-0.017
747777.39,6419011.00,380.65,60.07,208.84,-0.031
748073.62,6418997.00,382.12,51.75,289.39,-0.006
748381.18,6419003.50,381.77,54.70,411.73,0.012
748671.15,6419005.00,383.03,60.59,441.33,-0.014
748978.42,6419003.00,382.97,58.21,538.27,-0.018
749268.98,6418996.50,383.25,62.00,513.49,-0.025
744765.62,6419122.00,392.92,48.00,-4.88,0.009
745076.45,6419098.00,392.92,55.00,-31.61,-0.001
745372.80,6419103.00,393.99,59.00,-130.88,-0.023
745682.47,6419090.00,395.62,48.03,-158.06,-0.007
745967.42,6419103.00,397.08,49.70,-144.58,0.034
746272.04,6419118.00,394.10,53.00,-109.58,0.023
746584.03,6419111.50,392.93,56.50,-85.94,0.042
746883.09,6419102.00,385.76,65.60,-53.89,-0.006
747171.11,6419103.00,382.42,67.70,-8.38,0.036
747482.71,6419086.00,380.83,65.94,107.66,-0.021
747763.93,6419100.50,380.65,64.20,148.17,0.005
748063.96,6419102.00,382.12,56.70,215.14,0.000
748353.15,6419108.00,381.77,55.00,342.28,0.010
748669.61,6419109.00,383.03,63.70,370.16,-0.014
748960.22,6419102.50,382.97,60.00,509.46,0.019
749265.69,6419110.00,383.25,62.00,513.49,0.014
744775.47,6419208.50,392.92,48.00,-9.97,0.032
745050.66,6419196.00,392.92,55.00,-20.14,-0.063
745378.41,6419202.50,393.99,59.00,-130.88,-0.075
745684.28,6419186.50,395.62,47.00,-158.97,0.016
745956.18,6419197.00,397.08,49.70,-144.58,0.027
746270.84,6419196.00,394.10,53.00,-109.58,-0.004
746574.78,6419214.50,392.93,56.50,-85.94,0.032
746868.58,6419198.50,385.76,65.40,-57.55,-0.003
747159.15,6419208.00,382.42,68.60,-12.81,-0.002
747465.69,6419219.50,380.83,67.00,90.81,-0.021
747779.25,6419207.00,380.65,63.10,150.98,0.026
748056.18,6419203.50,382.12,56.70,215.14,0.037
748379.12,6419225.50,381.77,55.50,355.41,-0.022
748666.29,6419202.50,383.24,63.50,366.71,-0.015
748956.78,6419211.50,382.97,60.00,509.46,-0.012
749276.79,6419218.50,383.25,62.00,513.49,0.023
